metric	value
TP	669
FP	19
FN	87
precision	0.9723837209302325
recall	0.8849206349206349
F1	0.9265927977839334
