metric	value
TP	37
FP	17
FN	1
precision	0.6851851851851852
recall	0.9736842105263158
F1	0.8043478260869565
