variant_class	row	TP	FP	FN	recall	precision	F1	FP_per_Mb	region_bases	truth_total	query_total
SNV	PASS	669	19	87	0.884900	0.972400	0.926600	0.359345	52873961	756	688
INDEL	PASS	37	25	1	0.973700	0.596800	0.740000	0.472823	52873961	38	62
