,type,total.truth,total.query,tp,fp,fn,unk,ambi,recall,recall_lower,recall_upper,recall2,precision,precision_lower,precision_upper,na,ambiguous,fp.region.size,fp.rate,sompyversion,sompycmd
0,indels,1625,136,66,70,1559,0,0,0.040615384615384616,0.03182104589349147,0.051043503526541856,0.040615384615384616,0.4852941176470588,0.40234768837591617,0.5688590948275962,0.0,0.0,2875001522,0.024347813197435935,som.py-,/home/user/micromamba/envs/happy/bin/som.py truth.vcf.gz query.vcf.gz -r reference.fa --restrict-regions High-Confidence_Regions_v1.2.bed.gz -o output_prefix
1,SNVs,39447,1674,1268,406,38179,0,0,0.032144396278550966,0.030437972961213408,0.03391946949557201,0.032144396278550966,0.7574671445639187,0.7365021038466848,0.7775427712949264,0.0,0.0,2875001522,0.14121731654512842,som.py-,/home/user/micromamba/envs/happy/bin/som.py truth.vcf.gz query.vcf.gz -r reference.fa --restrict-regions High-Confidence_Regions_v1.2.bed.gz -o output_prefix
5,records,41072,1836,1334,502,39738,0,0,0.032479548110634984,0.030797961181379226,0.034227021815498304,0.032479548110634984,0.7265795206971678,0.705846501294072,0.7465988187841693,0.0,0.0,2875001522,0.17460860321589772,som.py-,/home/user/micromamba/envs/happy/bin/som.py truth.vcf.gz query.vcf.gz -r reference.fa --restrict-regions High-Confidence_Regions_v1.2.bed.gz -o output_prefix
