Region	VariantClass	VAFstratum	TP	FP	FN	Precision	Recall	F1
HC_callable_DP10	SNV	<5%	0	30	50	0.000000	0.000000	0.000000
HC_callable_DP10	SNV	5–10%	20	30	159	0.400000	0.111732	0.174672
HC_callable_DP10	SNV	10–20%	90	66	134	0.576923	0.401786	0.473684
HC_callable_DP10	SNV	≥20%	1104	252	121	0.814159	0.901224	0.855482
HC_callable_DP10	Indel	<5%	1	3	2	0.250000	0.333333	0.285714
HC_callable_DP10	Indel	5–10%	12	5	8	0.705882	0.600000	0.648649
HC_callable_DP10	Indel	10–20%	11	18	7	0.379310	0.611111	0.468085
HC_callable_DP10	Indel	≥20%	36	37	4	0.493151	0.900000	0.637168
